timestamp,title,score,num_comments,sentiment,subreddit
2025-04-25 10:33:47,11 years ago...,3164,290,0.0,bitcoin
2025-04-25 12:01:14,Opt out buy bitcoin,684,35,0.0,bitcoin
2025-04-25 06:13:59,95K! We're back baby!,561,121,0.0,bitcoin
2025-04-25 04:29:38,"JUST IN: BlackRock says Bitcoin is already ""de-coupled"" from tech stocks over the long run, if you ""zoom out"".",536,29,-0.05,bitcoin
2025-04-25 07:11:37,Joy üåà,536,20,0.8,bitcoin
2025-04-25 09:03:56,"Received $0.01 in BTC awhile back, now worth $10!",306,30,0.1875,bitcoin
2025-04-25 03:36:32,New ATH for Bitcoin incoming?,250,148,0.13636363636363635,bitcoin
2025-04-25 17:14:15,Never seen supply crunch like this,279,35,0.0,bitcoin
2025-04-25 03:01:10,Spotted on remains of the old Berlin Wall,215,6,0.1,bitcoin
2025-04-25 10:33:00,Don't F*ck This Up !,203,178,0.0,bitcoin
2025-04-25 02:40:37,the rules of the game have most certainly changed,192,67,0.10476190476190476,bitcoin
2025-04-25 14:44:05,Absolutely doomed.,194,75,0.2,bitcoin
2025-04-25 17:13:32,My friend says I'm dumb for investing in Bitcoin. What should I do?,133,377,-0.375,bitcoin
2025-04-25 13:53:01,Why not all in bitcoin?,120,209,0.0,bitcoin
2025-04-25 17:15:12,Stack Sats!,92,0,0.0,bitcoin
2025-04-25 08:34:07,Anti-Bitcoin Community,86,129,0.0,bitcoin
2025-04-25 18:15:30,Bitcoin is saving me,83,19,0.0,bitcoin
2025-04-25 05:57:27,Im so pumped to be part of this community!!! Hello everyone,60,31,0.0,bitcoin
2025-04-25 11:22:16,"Agreed -This cycle is driven by strong foundations, FOMO hasn‚Äôt even kicked in yet!",57,8,0.5416666666666666,bitcoin
2025-04-25 02:25:59,Bitcoin has integrity.,56,15,0.0,bitcoin
2025-04-25 08:00:42,The Irony!,51,20,0.0,bitcoin
2025-04-25 00:09:06,"Daily Discussion, April 25, 2025",48,104,0.0,bitcoin
2025-04-25 19:49:55,Saw someone with a outdated t shirt. Time to get a new 1,49,9,-0.13181818181818186,bitcoin
2025-04-25 19:26:52,Spread the word,45,2,0.0,bitcoin
2025-04-25 10:27:43,Bitcoin will be too big to fail,41,42,-0.25,bitcoin
2025-04-25 17:00:59,Why ist there such a big spike in the M2 early march?,41,12,0.03333333333333333,bitcoin
2025-04-25 11:01:41,2012 Bitcoin History- EXTREME Volatile Days,32,4,-0.125,bitcoin
2025-04-25 22:38:51,Don't worry about buying at the top. You're buying at future lows.,56,5,0.25,bitcoin
2025-04-25 19:17:45,Question: What happens if US gobbles up majority of BTC supply?,22,45,0.0,bitcoin
2025-04-25 01:38:06,Your thoughts?,21,10,0.0,bitcoin
2025-04-25 21:53:06,From flipper to HODL‚Äôr,19,5,0.0,bitcoin
2025-04-25 16:35:37,Doing my part for the network :),13,1,0.5,bitcoin
2025-04-25 13:00:08,The Inflation Lie (Why CPI is a Scam),14,1,0.0,bitcoin
2025-04-25 19:34:48,What is the best BTC related book you‚Äôve read ?,13,21,0.5,bitcoin
2025-04-25 10:03:05,Sats vs dollar amount,11,1,0.0,bitcoin
2025-04-25 10:00:01,Was probably a good deal at the time,11,2,0.7,bitcoin
2025-04-25 03:28:51,"Fiat currencies are also credit money, so why not buy Bitcoin on credit too?",13,8,0.0,bitcoin
2025-04-25 00:52:11,Credit system on a Bitcoin standard,11,19,0.0,bitcoin
2025-04-25 21:43:50,Bitcoin is the ‚ÄúUltimate Arrow Security‚Äù which means it will continue to appreciate due to fundamental economic theory.,12,4,0.025000000000000005,bitcoin
2025-04-25 16:32:34,Bitcoin as a risk off asset released April 7th. G(OLD),7,0,0.0,bitcoin
2025-04-25 05:31:15,JPMorgan And Jamie Dimon Are Afraid Of Bitcoin!,7,10,-0.75,bitcoin
2025-04-25 04:06:37,Blockstream Jade or ColdCard,6,20,0.0,bitcoin
2025-04-25 13:12:37,Escape velocity,5,4,0.0,bitcoin
2025-04-25 08:12:16,Your Daily Bitcoin Breakdown newsletter is now live. Check out today‚Äôs Top Stories and a sneak peek at the latest Quick Bits snippets. Full issue link is in the comments.,6,1,0.3032828282828282,bitcoin
2025-04-25 02:21:47,Funny this big drug store chain takes now Bitcoin in Germany,6,0,0.125,bitcoin
2025-04-25 20:35:51,"If Bitcoin were to be the global monetary standard, wouldn't sats be the universal measure of labor value? theoretically say 1 sat = 1 hour of human labor",4,15,0.0,bitcoin
2025-04-25 19:59:33,Legacy finance blows,4,2,0.0,bitcoin
2025-04-25 14:39:12,What year you got Bitcoin taking the top market cap position away from gold? 2030? 2040? I wish there was a realistic time frame of when to expect it.,4,15,0.3333333333333333,bitcoin
2025-04-25 03:24:11,Restricted countries,4,5,0.0,bitcoin
2025-04-25 17:13:38,Which Trezor to buy?,2,4,0.0,bitcoin
2025-04-25 10:31:53,Transfer from Cold Wallet to Robinhood of Bank Account,3,3,-0.6,bitcoin
2025-04-25 13:10:01,Mobile Wallet?,2,4,0.0,bitcoin
2025-04-25 18:20:22,Bitcoin ATM,1,1,0.0,bitcoin
2025-04-25 16:29:03,Podcast w/ Aaron from Bitcoin Essex: Building The Decentralized Music Future with Bitcoin and Value-4-Value,1,0,0.0,bitcoin
2025-04-25 14:07:14,Cold Storage advice.,1,10,-0.6,bitcoin
2025-04-25 05:01:14,Borrow against Bitcoin / sell?,2,15,0.0,bitcoin
2025-04-25 17:21:49,Anyone have experience direct depositing into Strike?,0,5,0.1,bitcoin
2025-04-25 07:59:48,"how in theory would ""paper bitcoin"" enter the ETF space?",0,9,0.0,bitcoin
2025-04-25 07:31:53,I must be Missing something,0,6,-0.2,bitcoin
2025-04-25 17:50:38,is bitsupte exchange legit?,0,19,0.0,bitcoin
2025-04-25 15:16:53,Need to transfer my money out of Coinbase - which wallet to use?,0,9,0.0,bitcoin
2025-04-25 14:37:06,"The question is not ""how"" can Bitcoin get to $1M soon...",0,11,0.0,bitcoin
2025-04-25 07:53:16,Ledger Nano to ColdCard?,0,11,0.0,bitcoin
2025-04-25 07:43:44,Avoid being hacked,0,0,0.0,bitcoin
2025-04-25 15:08:10,Is robinhood safe to store btc?,0,17,0.5,bitcoin
2025-04-25 06:21:05,What network can we use for trezor 3?,0,7,0.0,bitcoin
2025-04-25 03:24:40,Ledger vs Trezor?,0,25,0.0,bitcoin
2025-04-25 18:19:01,Recovering Bitcoins from an old wallet,0,6,0.1,bitcoin
2025-04-25 21:15:32,Why does Satoshi Nakamoto remain anonymous?,0,14,0.0,bitcoin
2025-04-25 17:40:56,Bitcoin encryption by hand.,0,7,0.0,bitcoin
2025-04-25 19:55:49,"‚ÄúSats‚Äù is dumb, change my mind",0,5,-0.375,bitcoin
2025-04-25 14:06:13,What‚Äôs to prevent something diabolical in a future block,0,15,0.0,bitcoin
2025-04-25 08:37:11,Why so many OTC trades in facebook groups at discount?,0,13,0.5,bitcoin
2025-04-25 21:14:28,"""Sats"" sound stupid",0,16,-0.19999999999999996,bitcoin
2025-04-25 04:49:08,Sick of you dumb humans!!!,0,40,-0.7233537946428572,bitcoin
2025-04-25 00:26:49,User loses 700k USDT from address poisoning,795,341,-0.3,cryptocurrency
2025-04-25 08:00:11,"One of the oldest Bitcoin order books, posted 15 years ago. 2,500 BTC for $0.003 each ‚ú®",727,58,0.0,cryptocurrency
2025-04-25 03:10:29,US Banks No Longer Have to Notify Crypto Activities: Fed Withdraws Draconian Rules,473,48,0.0,cryptocurrency
2025-04-25 14:08:06,"Billionaire Tim Draper Says That Gold Is ""Dead"" And That Bitcoin Is ""Permissionless And Programmable"" - That's Why He Believes BTC Is Heading To $250,000",328,157,-0.2,cryptocurrency
2025-04-25 07:12:22,US banks are ‚Äòfree to begin supporting Bitcoin‚Äô ‚Äî Michael Saylor,171,36,0.325,cryptocurrency
2025-04-25 10:52:50,Trump memecoin team denies $300K dinner requirement rumors,151,44,0.0,cryptocurrency
2025-04-25 00:44:18,$8.05 Billion in Bitcoin & Ethereum Options Expire Today‚ÄîWhat‚Äôs the Market Impact?,144,27,0.0,cryptocurrency
2025-04-25 05:14:45,"Ljubljana is named the world‚Äôs most crypto-friendly city. Surpassed major financial hubs like Hong Kong, Zurich, and Singapore.",127,13,0.1875,cryptocurrency
2025-04-25 21:43:14,Public enemy to Public legend in no time...,160,10,0.0,cryptocurrency
2025-04-25 05:52:58,MSTR's Michael Saylor Says Banks Are 'Free' To Support Bitcoin As Federal Reserve Withdraws Crypto Guidance,106,8,0.4,cryptocurrency
2025-04-25 17:06:50,Bitcoin Scarcity Is Going To Be Real,103,218,0.2,cryptocurrency
2025-04-25 12:46:53,Stablecoins just hit a record $237bn in value as sector gets hot,55,10,0.25,cryptocurrency
2025-04-25 08:18:36,What My Week in El Salvador Revealed: The Reality Gap in Bitcoin Adoption Beyond the Headlines,49,17,0.0,cryptocurrency
2025-04-25 07:39:20,US bank regulators pull back guardrails on bank crypto activities,23,1,0.0,cryptocurrency
2025-04-25 08:57:42,Sui launches virtual Mastercard with xPortal and xMoney in Europe,18,18,0.0,cryptocurrency
2025-04-25 18:00:43,"Daily Crypto Discussion - April 26, 2025 (GMT+0)",12,79,0.0,cryptocurrency
2025-04-25 22:17:08,"Crypto User Loses $700,000 To Address Poisoning Scam‚ÄîHere‚Äôs What Happened - Decrypt",20,6,-0.3,cryptocurrency
2025-04-25 08:15:04,Has adoption become absorption?,11,11,0.0,cryptocurrency
2025-04-25 10:29:51,Russia Diving Deeper: Plans State Crypto Exchange,11,8,0.0,cryptocurrency
2025-04-25 22:31:58,Altcoin Season Hype Grows As Bitcoin Surges Above $88K,25,18,0.0,cryptocurrency
2025-04-25 07:45:02,Lazarus Group spies set up U.S. shell companies to target Crypto developers,5,5,0.0,cryptocurrency
2025-04-25 03:07:39,"Stablecoins can expand to $1.6T by 2030, says Citigroup",7,3,0.0,cryptocurrency
2025-04-25 00:31:32,Pangolin DEX: Community-Driven Development and Future Innovations (Part 2),6,3,0.0,cryptocurrency
2025-04-25 08:35:42,"US Senate Ag. Chair: ""We've got an excellent chance"" to pass digital asset regs",4,4,0.5,cryptocurrency
2025-04-25 03:37:20,New ATH for Bitcoin incoming?,4,28,0.13636363636363635,cryptocurrency
2025-04-25 08:19:42,"If you‚Äôre into building web3 stuff (mini dApps, AI agents, social tooling), this new LUKSO challenge might be your thing. You don‚Äôt have to go all-in from day one. They‚Äôre offering $150k in grants split across stages ‚Äî plus a final round where the community helps decide who gets more funding",4,3,0.09393939393939393,cryptocurrency
2025-04-25 23:58:26,"Bitcoin ETFs on $3B ‚Äòbender,‚Äô notch first full inflow week in 5 weeks",8,1,0.3,cryptocurrency
2025-04-25 07:57:32,"The Coinbase Chain ‚Äì Base is Growing! | Data on TVL, Wallets, Active Users, Transactions, Fees and More | Apr 2025",1,1,-0.2111111111111111,cryptocurrency
2025-04-25 18:35:29,"Named the best ""Overall POS system for 2025"" - Flexa Payments with AMP crypto",0,1,0.5,cryptocurrency
2025-04-25 11:05:17,LIVE - US Crypto Press Conference SEC Roundtable,3,3,0.018181818181818174,cryptocurrency
2025-04-25 19:58:20,Investing in Tomorrow's Crypto: Challenging Assumptions in a Rapidly Changing Market.,0,4,0.5,cryptocurrency
2025-04-25 10:53:51,Building AIChain: Merging AI + Blockchain on Polygon,0,9,0.0,cryptocurrency
2025-04-25 04:18:29,Rusty-Spectre v0.3.17 Release,0,1,0.0,cryptocurrency
2025-04-25 14:00:56,What‚Äôs your Cold storage of choice?,0,10,-0.6,cryptocurrency
2025-04-25 07:39:03,$230M Vanished ‚Äî Don‚Äôt Let It Be Your Wallet Next,0,2,0.0,cryptocurrency
2025-04-25 14:09:42,Anyone here taken fraudster to court before?,0,65,0.0,cryptocurrency
2025-04-25 19:32:41,85 year old physicist taking crypto classes and learning about ecosystems‚Ä¶? We may be at cycle top!,0,21,0.3625,cryptocurrency
2025-04-25 05:51:46,Decided to Explore Some Early Token Listings and Took a Small Risk,0,9,-0.075,cryptocurrency
2025-04-25 10:07:14,"Ethereum Will Become Extinct Within The Next Decade, Cardano Founder Hoskinson Makes Chilling Prophecy",0,22,-0.3,cryptocurrency
